compaction	tectonic_cyclicity	amp1	amp2	amp3	amp4	amp5	phase1	phase2	phase3	phase4	phase5	ssr	aic_4func	aic_5func	loglik_4func	loglik_5func	pvalue
min	1243.78856772502	2.4	2.6	8.4	8.1	16.8	2.4	2.1	0.1	2.4	0.5	68196.92	3950.052	3939.197	-2146.275	-1958.598	4.82225024222053e-81
avg	1084.65274725397	1.8	3	9	7.5	13.3	2.9	2.3	0.2	2.5	0.3	68785.79	3951.702	3943.547	-2097.8	-1960.773	4.09713863724386e-59
max	898.115832086195	2.7	0.8	10.7	4.4	15.8	5.9	0	1.1	2.5	6.3	81752.99	3939.348	4030.936	-2168.216	-2004.468	1.11166087348233e-70
