tectonic_cyclicity	amp1	amp2	amp3	amp4	amp5	phase1	phase2	phase3	phase4	phase5	ssr	aic_4func	aic_5func	loglik_4func	loglik_5func	pvalue
999.966765226828	2.4	3	11.2	4.8	15.7	1.2	3.4	1.8	0.5	0	77025.77	3999.728	3999.728	-2166.385	-1989.399	2.05889882710574e-76
